MO1_DI_00_Upper_Roll_Present,1,@GV,61504,1,73,1,0
MO1_DI_01_Lower_Roll_Present,1,@GV,61504,1,73,2,0
MO1_DI_02_Right_Carriage_Itlk,1,@GV,61504,1,73,3,0
MO1_DI_03_Left_Carriage_Itlk,1,@GV,61504,1,73,4,0
Mo1_DI_04_Adj_Jog_Up,1,@GV,61504,1,73,5,0
MO1_DI_05_Adj_Jog_Down,1,@GV,61504,1,73,6,0
MO1_DI_06_Adj_Jog_Select,1,@GV,61504,1,73,7,0
PX214469,1,@GV,61504,1,73,8,0
PX214473,1,@GV,61505,1,73,1,0
Seal_Index_Ready_ILK,1,@GV,61505,1,73,5,0
MO1_DI_13,1,@GV,61505,1,73,6,0
MO1_DI_14,1,@GV,61505,1,73,7,0
MO1_DI_15,1,@GV,61505,1,73,8,0
MO1_DO_02_White_Light,1,@GV,61504,1,81,3,0
MO1_DO_03_Blue_Light,1,@GV,61504,1,81,4,0
MO1_DO_04_Red_Light,1,@GV,61504,1,81,5,0
MO1_DO_05_Green_Light,1,@GV,61504,1,81,6,0
MO1_DO_06_Amber_Light,1,@GV,61504,1,81,7,0
MO1_DO_07_Horn,1,@GV,61504,1,81,8,0
MO1_DO_08_Low_Roll_Alarm,1,@GV,61505,1,81,1,0
PanelDoorInterlock,1,@GV,61505,1,81,2,0
HeaterPowerCon,1,@GV,61505,1,81,3,0
MO1_DO_11,1,@GV,61505,1,81,4,0
MO1_DO_12,1,@GV,61505,1,81,5,0
MO1_DO_13,1,@GV,61505,1,81,6,0
MO1_DO_14,1,@GV,61505,1,81,7,0
MO1_DO_15,1,@GV,61505,1,81,8,0
Cycle_Ready_Output,1,@GV,61504,1,81,1,0
CP2210_Cycle_Ready,1,@GV,61505,1,73,3,0
CP2310_Cycle_Ready,1,@GV,61505,1,73,4,0
CP_Interlock_Sig_4,1,@GV,61505,1,73,5,0
CP_Interlock_Sig_5,1,@GV,61505,1,73,6,0
CP_Interlock_Sig_6,1,@GV,61505,1,73,7,0
CP_Interlock_Sig_7,1,@GV,61505,1,73,8,0
CP2110_Cycle_Ready,1,@GV,61505,1,73,2,0
MO1_DO_01,1,@GV,61504,1,81,2,0
Seal_Zone1_Temp,3,@GV,34816,2,73,0,0
Seal_Zone1_Output,3,@GV,34818,2,73,0,0
Seal_Zone1_HeatPower,3,@GV,34820,2,73,0,0
Seal_Zone1_ActSP,3,@GV,34822,2,73,0,0
Seal_Zone1_Error,3,@GV,34824,2,73,0,0
Seal_Zone1_AlarmData1,3,@GV,34828,2,73,0,0
Seal_Zone1_AlarmData2,3,@GV,34830,2,73,0,0
Seal_Zone1_AlarmData3,3,@GV,34832,2,73,0,0
Seal_Zone1_AlarmData4,3,@GV,34834,2,73,0,0
Seal_Zone2_Temp,3,@GV,34836,2,73,0,0
Seal_Zone2_Output,3,@GV,34838,2,73,0,0
Seal_Zone2_HeatPower,3,@GV,34840,2,73,0,0
Seal_Zone2_ActSP,3,@GV,34842,2,73,0,0
Seal_Zone2_Error,3,@GV,34844,2,73,0,0
Seal_Zone2_AlarmData1,3,@GV,34848,2,73,0,0
Seal_Zone2_AlarmData2,3,@GV,34850,2,73,0,0
Seal_Zone2_AlarmData3,3,@GV,34852,2,73,0,0
Seal_Zone2_AlarmData4,3,@GV,34854,2,73,0,0
Seal_Zone3_Temp,3,@GV,34856,2,73,0,0
Seal_Zone3_Output,3,@GV,34858,2,73,0,0
Seal_Zone3_HeatPower,3,@GV,34860,2,73,0,0
Seal_Zone3_ActSP,3,@GV,34862,2,73,0,0
Seal_Zone3_Error,3,@GV,34864,2,73,0,0
Seal_Zone3_AlarmData1,3,@GV,34868,2,73,0,0
Seal_Zone3_AlarmData2,3,@GV,34870,2,73,0,0
Seal_Zone3_AlarmData3,3,@GV,34872,2,73,0,0
Seal_Zone3_AlarmData4,3,@GV,34874,2,73,0,0
Seal_Zone4_Temp,3,@GV,34876,2,73,0,0
Seal_Zone4_Output,3,@GV,34878,2,73,0,0
Seal_Zone4_HeatPower,3,@GV,34880,2,73,0,0
Seal_Zone4_ActSP,3,@GV,34882,2,73,0,0
Seal_Zone4_Error,3,@GV,34884,2,73,0,0
Seal_Zone4_AlarmData1,3,@GV,34888,2,73,0,0
Seal_Zone4_AlarmData2,3,@GV,34890,2,73,0,0
Seal_Zone4_AlarmData3,3,@GV,34892,2,73,0,0
Seal_Zone4_AlarmData4,3,@GV,34894,2,73,0,0
Seal_Zone5_Temp,3,@GV,34896,2,73,0,0
Seal_Zone5_Output,3,@GV,34898,2,73,0,0
Seal_Zone5_HeatPower,3,@GV,34900,2,73,0,0
Seal_Zone5_ActSP,3,@GV,34902,2,73,0,0
Seal_Zone5_Error,3,@GV,34904,2,73,0,0
Seal_Zone5_AlarmData1,3,@GV,34908,2,73,0,0
Seal_Zone5_AlarmData2,3,@GV,34910,2,73,0,0
Seal_Zone5_AlarmData3,3,@GV,34912,2,73,0,0
Seal_Zone5_AlarmData4,3,@GV,34914,2,73,0,0
Seal_Zone6_Temp,3,@GV,34916,2,73,0,0
Seal_Zone6_Output,3,@GV,34918,2,73,0,0
Seal_Zone6_HeatPower,3,@GV,34920,2,73,0,0
Seal_Zone6_ActSP,3,@GV,34922,2,73,0,0
Seal_Zone6_Error,3,@GV,34924,2,73,0,0
Seal_Zone6_AlarmData1,3,@GV,34928,2,73,0,0
Seal_Zone6_AlarmData2,3,@GV,34930,2,73,0,0
Seal_Zone6_AlarmData3,3,@GV,34932,2,73,0,0
Seal_Zone6_AlarmData4,3,@GV,34934,2,73,0,0
Zone1_AckTune,1,@GV,34826,1,73,2,0
Zone1_Tune_Done,1,@GV,34826,1,73,3,0
Zone1_Tune_Fail,1,@GV,34826,1,73,4,0
Zone2_AckTune,1,@GV,34846,1,73,2,0
Zone2_Tune_Done,1,@GV,34846,1,73,3,0
Zone2_Tune_Fail,1,@GV,34846,1,73,4,0
Zone3_AckTune,1,@GV,34866,1,73,2,0
Zone3_Tune_Done,1,@GV,34866,1,73,3,0
Zone3_Tune_Fail,1,@GV,34866,1,73,4,0
Zone4_AckTune,1,@GV,34886,1,73,2,0
Zone4_Tune_Done,1,@GV,34886,1,73,3,0
Zone4_Tune_Fail,1,@GV,34886,1,73,4,0
Zone5_AckTune,1,@GV,34906,1,73,2,0
Zone5_Tune_Done,1,@GV,34906,1,73,3,0
Zone5_Tune_Fail,1,@GV,34906,1,73,4,0
Zone6_AckTune,1,@GV,34926,1,73,2,0
Zone6_Tune_Done,1,@GV,34926,1,73,3,0
Zone6_Tune_Fail,1,@GV,34926,1,73,4,0
Perf_Heat_Status_1,3,@GV,34936,2,73,0,0
AX1_SO3,1,@GV,53248,1,81,3,0
AX1_SO2,1,@GV,53248,1,81,2,0
AX1_SO1,1,@GV,53248,1,81,1,0
AX1_PSET,1,@GV,53252,1,73,8,0
AX1_PON,1,@GV,53252,1,73,5,0
AX1_SVON,1,@GV,53252,1,73,4,0
AX1_WARNG,1,@GV,53252,1,73,2,0
AX1_ALM,1,@GV,53252,1,73,1,0
AX1_SI3_IO15,1,@GV,53249,1,73,8,0
AX1_SI2_IO14,1,@GV,53249,1,73,7,0
AX1_SI1_IO13,1,@GV,53249,1,73,6,0
AX1_SI0_IO12,1,@GV,53249,1,73,5,0
AX1_HBB,1,@GV,53249,1,73,3,0
AX1_BRK,1,@GV,53249,1,73,2,0
AX1_SI6_EXT3,1,@GV,53249,1,73,1,0
AX1_SI5_EXT2,1,@GV,53248,1,73,8,0
AX1_SI4_EXT1,1,@GV,53248,1,73,7,0
AX1_SI3_DEC,1,@GV,53248,1,73,3,0
AX1_SI2_NOT,1,@GV,53248,1,73,2,0
AX1_SI1_POT,1,@GV,53248,1,73,1,0
AX2_SO3,1,@GV,53312,1,81,3,0
AX2_SO2,1,@GV,53312,1,81,2,0
AX2_SO1,1,@GV,53312,1,81,1,0
AX2_PSET,1,@GV,53316,1,73,8,0
AX2_PON,1,@GV,53316,1,73,5,0
AX2_SVON,1,@GV,53316,1,73,4,0
AX2_WARNG,1,@GV,53316,1,73,2,0
AX2_ALM,1,@GV,53316,1,73,1,0
AX2_SI3_IO15,1,@GV,53313,1,73,8,0
AX2_SI2_IO14,1,@GV,53313,1,73,7,0
AX2_SI1_IO13,1,@GV,53313,1,73,6,0
AX2_SI0_IO12,1,@GV,53313,1,73,5,0
AX2_HBB,1,@GV,53313,1,73,3,0
AX2_BRK,1,@GV,53313,1,73,2,0
AX2_SI6_EXT3,1,@GV,53313,1,73,1,0
AX2_SI5_EXT2,1,@GV,53312,1,73,8,0
AX2_SI4_EXT1,1,@GV,53312,1,73,7,0
AX2_SI3_DEC,1,@GV,53312,1,73,3,0
AX2_SI2_NOT,1,@GV,53312,1,73,2,0
AX2_SI1_POT,1,@GV,53312,1,73,1,0
AX3_SO3,1,@GV,53376,1,81,3,0
AX3_SO2,1,@GV,53376,1,81,2,0
AX3_SO1,1,@GV,53376,1,81,1,0
AX3_PSET,1,@GV,53380,1,73,8,0
AX3_PON,1,@GV,53380,1,73,5,0
AX3_SVON,1,@GV,53380,1,73,4,0
AX3_WARNG,1,@GV,53380,1,73,2,0
AX3_ALM,1,@GV,53380,1,73,1,0
AX3_SI3_IO15,1,@GV,53377,1,73,8,0
AX3_SI2_IO14,1,@GV,53377,1,73,7,0
AX3_SI1_IO13,1,@GV,53377,1,73,6,0
AX3_SI0_IO12,1,@GV,53377,1,73,5,0
AX3_HBB,1,@GV,53377,1,73,3,0
AX3_BRK,1,@GV,53377,1,73,2,0
AX3_SI6_EXT3,1,@GV,53377,1,73,1,0
AX3_SI5_EXT2,1,@GV,53376,1,73,8,0
AX3_SI4_EXT1,1,@GV,53376,1,73,7,0
AX3_SI3_DEC,1,@GV,53376,1,73,3,0
AX3_SI2_NOT,1,@GV,53376,1,73,2,0
AX3_SI1_POT,1,@GV,53376,1,73,1,0
AX4_SO3,1,@GV,53440,1,81,3,0
AX4_SO2,1,@GV,53440,1,81,2,0
AX4_SO1,1,@GV,53440,1,81,1,0
AX4_PSET,1,@GV,53444,1,73,8,0
AX4_PON,1,@GV,53444,1,73,5,0
AX4_SVON,1,@GV,53444,1,73,4,0
AX4_WARNG,1,@GV,53444,1,73,2,0
AX4_ALM,1,@GV,53444,1,73,1,0
AX4_SI3_IO15,1,@GV,53441,1,73,8,0
AX4_SI2_IO14,1,@GV,53441,1,73,7,0
AX4_SI1_IO13,1,@GV,53441,1,73,6,0
AX4_SI0_IO12,1,@GV,53441,1,73,5,0
AX4_HBB,1,@GV,53441,1,73,3,0
AX4_BRK,1,@GV,53441,1,73,2,0
AX4_SI6_EXT3,1,@GV,53441,1,73,1,0
AX4_SI5_EXT2,1,@GV,53440,1,73,8,0
AX4_SI4_EXT1,1,@GV,53440,1,73,7,0
AX4_SI3_DEC,1,@GV,53440,1,73,3,0
AX4_SI2_NOT,1,@GV,53440,1,73,2,0
AX4_SI1_POT,1,@GV,53440,1,73,1,0
AX9_SO3,1,@GV,53760,1,81,3,0
AX9_SO2,1,@GV,53760,1,81,2,0
AX9_SO1,1,@GV,53760,1,81,1,0
AX9_PSET,1,@GV,53764,1,73,8,0
AX9_PON,1,@GV,53764,1,73,5,0
AX9_SVON,1,@GV,53764,1,73,4,0
AX9_WARNG,1,@GV,53764,1,73,2,0
AX9_ALM,1,@GV,53764,1,73,1,0
AX9_SI3_IO15,1,@GV,53761,1,73,8,0
AX9_SI2_IO14,1,@GV,53761,1,73,7,0
AX9_SI1_IO13,1,@GV,53761,1,73,6,0
AX9_SI0_IO12,1,@GV,53761,1,73,5,0
AX9_HBB,1,@GV,53761,1,73,3,0
AX9_BRK,1,@GV,53761,1,73,2,0
AX9_SI6_EXT3,1,@GV,53761,1,73,1,0
AX9_SI5_EXT2,1,@GV,53760,1,73,8,0
AX9_SI4_EXT1,1,@GV,53760,1,73,7,0
AX9_SI3_DEC,1,@GV,53760,1,73,3,0
AX9_SI2_NOT,1,@GV,53760,1,73,2,0
AX9_SI1_POT,1,@GV,53760,1,73,1,0
NewVar95,11,@GV,33904,4,73,0,0
Enable_Perf_Heat,11,@GV,33896,4,73,0,0
New_Var97,11,@GV,33888,4,73,0,0
Seal_Plate_ID_IN,4,@GV,33880,4,73,0,0
NEWVAR94,11,@GV,33872,4,73,0,0
NEWVAR93,11,@GV,33864,4,73,0,0
CP2210_Film_Index_Stop,4,@GV,21560,4,73,0,0
HP2_Y_POS,11,@GV,33856,4,73,0,0
HP2_X_POS,11,@GV,33848,4,73,0,0
VP2_X_POS,11,@GV,33808,4,73,0,0
LowerUnwindEnc_Vel,11,@GV,33800,4,73,0,0
CPx210_Spare_2,4,@GV,33884,4,73,0,0
CPx210_Spare_1,4,@GV,33880,4,73,0,0
CPx210_Alarm_2,4,@GV,33876,4,73,0,0
CPx210_Alarm_1,4,@GV,33872,4,73,0,0
CPx210_Status_2,4,@GV,33872,4,73,0,0
VS_Relocate_Signals,4,@GV,33892,4,81,0,0
VS_Enables,4,@GV,21584,4,81,0,0
HP2_Y_SP_EIP,11,@GV,21536,4,81,0,0
VP2_Y_SP_EIP,11,@GV,21576,4,81,0,0
SealAutoTunePB,4,@GV,33896,4,81,0,0
VP2_X_SP_EIP,11,@GV,21568,4,81,0,0
VP2_O_SP_EIP,11,@GV,21560,4,81,0,0
TS2_Y_SP_EIP,11,@GV,21552,4,81,0,0
TS2_X_SP_EIP,11,@GV,21544,4,81,0,0
HP2_X_SP_EIP,11,@GV,21528,4,81,0,0
CPx310_Spare_2_to_CP2,4,@GV,33828,4,81,0,0
CPx310_Spare_1_to_CP2,4,@GV,33824,4,81,0,0
CPx310_Alarm_2_to_CP2,4,@GV,33820,4,81,0,0
CPx310_Alarm_1_to_CP2,4,@GV,33816,4,81,0,0
CPx310_Status_to_CP2,4,@GV,33812,4,81,0,0
CPx110_Override_Speed_to_CP2,10,@GV,33808,4,81,0,0
CPx110_Spare_1_to_CP2,4,@GV,33804,4,81,0,0
CPx110_Alarm_2_to_CP2,4,@GV,33800,4,81,0,0
CPx110_Alarm_1_to_CP2,4,@GV,33796,4,81,0,0
CPx110_Status_to_CP2,4,@GV,33792,4,81,0,0
AX6_SO3,1,@GV,53568,1,81,3,0
AX6_SO2,1,@GV,53568,1,81,2,0
AX6_SO1,1,@GV,53568,1,81,1,0
AX6_PSET,1,@GV,53572,1,73,8,0
AX6_PON,1,@GV,53572,1,73,5,0
AX6_SVON,1,@GV,53572,1,73,4,0
AX6_WARNG,1,@GV,53572,1,73,2,0
AX6_ALM,1,@GV,53572,1,73,1,0
AX6_SI3_IO15,1,@GV,53569,1,73,8,0
AX6_SI2_IO14,1,@GV,53569,1,73,7,0
AX6_SI1_IO13,1,@GV,53569,1,73,6,0
AX6_SI0_IO12,1,@GV,53569,1,73,5,0
AX6_HBB,1,@GV,53569,1,73,3,0
AX6_BRK,1,@GV,53569,1,73,2,0
AX6_SI6_EXT3,1,@GV,53569,1,73,1,0
AX6_SI5_EXT2,1,@GV,53568,1,73,8,0
AX6_SI4_EXT1,1,@GV,53568,1,73,7,0
AX6_SI3_DEC,1,@GV,53568,1,73,3,0
AX6_SI2_NOT,1,@GV,53568,1,73,2,0
AX6_SI1_POT,1,@GV,53568,1,73,1,0
AX7_SO3,1,@GV,53632,1,81,3,0
AX7_SO2,1,@GV,53632,1,81,2,0
AX7_SO1,1,@GV,53632,1,81,1,0
AX7_PSET,1,@GV,53636,1,73,8,0
AX7_PON,1,@GV,53636,1,73,5,0
AX7_SVON,1,@GV,53636,1,73,4,0
AX7_WARNG,1,@GV,53636,1,73,2,0
AX7_ALM,1,@GV,53636,1,73,1,0
AX7_SI3_IO15,1,@GV,53633,1,73,8,0
AX7_SI2_IO14,1,@GV,53633,1,73,7,0
AX7_SI1_IO13,1,@GV,53633,1,73,6,0
AX7_SI0_IO12,1,@GV,53633,1,73,5,0
AX7_HBB,1,@GV,53633,1,73,3,0
AX7_BRK,1,@GV,53633,1,73,2,0
AX7_SI6_EXT3,1,@GV,53633,1,73,1,0
AX7_SI5_EXT2,1,@GV,53632,1,73,8,0
AX7_SI4_EXT1,1,@GV,53632,1,73,7,0
AX7_SI3_DEC,1,@GV,53632,1,73,3,0
AX7_SI2_NOT,1,@GV,53632,1,73,2,0
AX7_SI1_POT,1,@GV,53632,1,73,1,0
Inst_102_Output64,4,@GV,22252,4,81,0,0
Inst_102_Output63,4,@GV,22248,4,81,0,0
Inst_102_Output62,4,@GV,22244,4,81,0,0
Inst_102_Output61,4,@GV,22240,4,81,0,0
Inst_102_Output60,4,@GV,22236,4,81,0,0
Inst_102_Output59,4,@GV,22232,4,81,0,0
Inst_102_Output58,4,@GV,22228,4,81,0,0
Inst_102_Output57,4,@GV,22224,4,81,0,0
Inst_102_Output56,4,@GV,22220,4,81,0,0
Inst_102_Output55,4,@GV,22216,4,81,0,0
Inst_102_Output54,4,@GV,22212,4,81,0,0
Inst_102_Output53,4,@GV,22208,4,81,0,0
Inst_102_Output52,4,@GV,22204,4,81,0,0
Inst_102_Output51,4,@GV,22200,4,81,0,0
Inst_102_Output50,4,@GV,22196,4,81,0,0
Inst_102_Output49,4,@GV,22192,4,81,0,0
Inst_102_Output48,4,@GV,22188,4,81,0,0
Inst_102_Output47,4,@GV,22184,4,81,0,0
Inst_102_Output46,4,@GV,22180,4,81,0,0
Inst_102_Output45,4,@GV,22176,4,81,0,0
Inst_102_Output44,4,@GV,22172,4,81,0,0
Inst_102_Output43,4,@GV,22168,4,81,0,0
Inst_102_Output42,4,@GV,22164,4,81,0,0
Inst_102_Output41,4,@GV,22160,4,81,0,0
Inst_102_Output40,4,@GV,22156,4,81,0,0
Inst_102_Output39,4,@GV,22152,4,81,0,0
Inst_102_Output38,4,@GV,22148,4,81,0,0
Inst_102_Output37,4,@GV,22144,4,81,0,0
Inst_102_Output36,4,@GV,22140,4,81,0,0
Inst_102_Output35,4,@GV,22136,4,81,0,0
Inst_102_Output34,4,@GV,22132,4,81,0,0
Inst_102_Output33,4,@GV,22128,4,81,0,0
Inst_102_Output32,4,@GV,22124,4,81,0,0
Inst_102_Output31,4,@GV,22120,4,81,0,0
Inst_102_Output30,4,@GV,22116,4,81,0,0
Inst_102_Output29,4,@GV,22112,4,81,0,0
Inst_102_Output28,4,@GV,22108,4,81,0,0
Inst_102_Output27,4,@GV,22104,4,81,0,0
Inst_102_Output26,4,@GV,22100,4,81,0,0
Inst_102_Output25,4,@GV,22096,4,81,0,0
Inst_102_Output24,4,@GV,22092,4,81,0,0
Inst_102_Output23,4,@GV,22088,4,81,0,0
Inst_102_Output22,4,@GV,22084,4,81,0,0
Inst_102_Output21,4,@GV,22080,4,81,0,0
Inst_102_Output20,4,@GV,22076,4,81,0,0
Inst_102_Output19,4,@GV,22072,4,81,0,0
Inst_102_Output18,4,@GV,22068,4,81,0,0
Inst_102_Output17,4,@GV,22064,4,81,0,0
Inst_102_Output16,4,@GV,22060,4,81,0,0
Inst_102_Output15,4,@GV,22056,4,81,0,0
Inst_102_Output14,4,@GV,22052,4,81,0,0
Inst_102_Output13,4,@GV,22048,4,81,0,0
Inst_102_Output12,4,@GV,22044,4,81,0,0
Inst_102_Output11,4,@GV,22040,4,81,0,0
Inst_102_Output10,4,@GV,22036,4,81,0,0
Inst_102_Output9,4,@GV,22032,4,81,0,0
Inst_102_Output8,4,@GV,22028,4,81,0,0
Inst_102_Output7,4,@GV,22024,4,81,0,0
gBotRollDiameter,10,@GV,22020,4,81,0,0
gTopRollDiameter,10,@GV,22016,4,81,0,0
gStatusWord_4,4,@GV,22012,4,81,0,0
gStatusWord_3,4,@GV,22008,4,81,0,0
gStatusWord_2,4,@GV,22004,4,81,0,0
gStatusWord_1,4,@GV,22000,4,81,0,0
Inst_112_Input64,4,@GV,22252,4,73,0,0
Inst_112_Input63,4,@GV,22248,4,73,0,0
Inst_112_Input62,4,@GV,22244,4,73,0,0
Inst_112_Input61,4,@GV,22240,4,73,0,0
Inst_112_Input60,4,@GV,22236,4,73,0,0
Inst_112_Input59,4,@GV,22232,4,73,0,0
Inst_112_Input58,4,@GV,22228,4,73,0,0
Inst_112_Input57,4,@GV,22224,4,73,0,0
Inst_112_Input56,4,@GV,22220,4,73,0,0
Inst_112_Input55,4,@GV,22216,4,73,0,0
Inst_112_Input54,4,@GV,22212,4,73,0,0
Inst_112_Input53,4,@GV,22208,4,73,0,0
Inst_112_Input52,4,@GV,22204,4,73,0,0
Inst_112_Input51,4,@GV,22200,4,73,0,0
Inst_112_Input50,4,@GV,22196,4,73,0,0
Inst_112_Input49,4,@GV,22192,4,73,0,0
Inst_112_Input48,4,@GV,22188,4,73,0,0
Inst_112_Input47,4,@GV,22184,4,73,0,0
Inst_112_Input46,4,@GV,22180,4,73,0,0
Inst_112_Input45,4,@GV,22176,4,73,0,0
Inst_112_Input44,4,@GV,22172,4,73,0,0
Inst_112_Input43,4,@GV,22168,4,73,0,0
Inst_112_Input42,4,@GV,22164,4,73,0,0
Inst_112_Input41,4,@GV,22160,4,73,0,0
Inst_112_Input40,4,@GV,22156,4,73,0,0
Inst_112_Input39,4,@GV,22152,4,73,0,0
Inst_112_Input38,4,@GV,22148,4,73,0,0
Inst_112_Input37,4,@GV,22144,4,73,0,0
Inst_112_Input36,4,@GV,22140,4,73,0,0
Inst_112_Input35,4,@GV,22136,4,73,0,0
Inst_112_Input34,4,@GV,22132,4,73,0,0
Inst_112_Input33,4,@GV,22128,4,73,0,0
Inst_112_Input32,4,@GV,22124,4,73,0,0
Inst_112_Input31,4,@GV,22120,4,73,0,0
Inst_112_Input30,4,@GV,22116,4,73,0,0
Inst_112_Input29,4,@GV,22112,4,73,0,0
Inst_112_Input28,4,@GV,22108,4,73,0,0
Inst_112_Input27,4,@GV,22104,4,73,0,0
Inst_112_Input26,4,@GV,22100,4,73,0,0
Inst_112_Input25,4,@GV,22096,4,73,0,0
Inst_112_Input24,4,@GV,22092,4,73,0,0
Inst_112_Input23,4,@GV,22088,4,73,0,0
Inst_112_Input22,4,@GV,22084,4,73,0,0
Inst_112_Input21,4,@GV,22080,4,73,0,0
Inst_112_Input20,4,@GV,22076,4,73,0,0
Inst_112_Input19,4,@GV,22072,4,73,0,0
Inst_112_Input18,4,@GV,22068,4,73,0,0
Inst_112_Input17,4,@GV,22064,4,73,0,0
Inst_112_Input16,4,@GV,22060,4,73,0,0
Inst_112_Input15,4,@GV,22056,4,73,0,0
Inst_112_Input14,4,@GV,22052,4,73,0,0
Inst_112_Input13,4,@GV,22048,4,73,0,0
Inst_112_Input12,4,@GV,22044,4,73,0,0
Inst_112_Input11,4,@GV,22040,4,73,0,0
Inst_112_Input10,4,@GV,22036,4,73,0,0
Inst_112_Input9,4,@GV,22032,4,73,0,0
gSealNipActualPosition,10,@GV,22028,4,73,0,0
gSealNipActualVelocity,10,@GV,22024,4,73,0,0
gBottomDancerPos,10,@GV,22020,4,73,0,0
gTopDancerPos,10,@GV,22016,4,73,0,0
gControlWord_4,4,@GV,22012,4,73,0,0
gControlWord_3,4,@GV,22008,4,73,0,0
gControlWord_2,4,@GV,22004,4,73,0,0
gControlWord_1,4,@GV,22000,4,73,0,0
Seal_1_Block_Ret,1,@GV,32769,1,73,5,0
Seal_1_Block_Ext,1,@GV,32769,1,73,6,0
Seal_2_Block_Ret,1,@GV,32769,1,73,7,0
Seal_2_Block_Ext,1,@GV,32769,1,73,8,0
SOL_Hole_Punch_1,1,@GV,32768,1,81,1,0
SOL_Hole_Punch_2,1,@GV,32768,1,81,3,0
SOL_UpperEncoderRetract,1,@GV,32768,1,81,5,0
SOL_LowerEncoderRetract,1,@GV,32768,1,81,7,0
SOL_HolePunch_1_Vac,1,@GV,32769,1,81,1,0
SOL_HolePunch_2_Vac,1,@GV,32769,1,81,3,0
Perf_Seal_Valve,1,@GV,32769,1,81,5,0
Left_Vac2,1,@GV,32769,1,81,7,0
Right_Vac2,1,@GV,32770,1,81,1,0
Left_HP2,1,@GV,32770,1,81,3,0
Right_HP2,1,@GV,32770,1,81,5,0
Perf_Seal_Valve_6,1,@GV,32770,1,81,7,0
Perf_Seal_PLaten_1,1,@GV,32771,1,81,1,0
Perf_Seal_PLaten_2,1,@GV,32771,1,81,3,0
Labeler_Signal_1,1,@GV,32769,1,81,5,0
Labeler_Signal_2,1,@GV,32769,1,81,6,0
Banner_Virtual_Status,4,@GV,34304,4,73,0,0
NewVar4,4,@GV,34306,4,73,0,0
NewVar5,4,@GV,34308,4,73,0,0
NewVar6,4,@GV,34310,4,73,0,0
CPx310_Alarm_1,4,@GV,34308,4,73,0,0
CPx310_Alarm_2,4,@GV,34312,4,73,0,0
CPx310_Spare_1,4,@GV,34316,4,73,0,0
CPx310_Spare_2,4,@GV,34320,4,73,0,0
CPx310_Status,4,@GV,34304,4,73,0,0
CPx110_Status_to_CP3,4,@GV,34304,4,81,0,0
CPx110_Alarm_1_to_CP3,4,@GV,34308,4,81,0,0
CPx110_Alarm_2_to_CP3,4,@GV,34312,4,81,0,0
CPx110_Banner_Status_to_CP3,4,@GV,34316,4,81,0,0
CPx110_Override_Speed_to_CP3,10,@GV,34320,4,81,0,0
CPx210_Status_to_CP3,4,@GV,34324,4,81,0,0
CPx210_Alarm_1_to_CP3,4,@GV,34328,4,81,0,0
CPx210_Alarm_2_to_CP3,4,@GV,34332,4,81,0,0
CutAutoTunePB,4,@GV,34348,4,81,0,0
Seal_Plate_ID_OUT,4,@GV,34344,4,81,0,0
CPx210_Spare_1_to_CP3,4,@GV,34336,4,81,0,0
CPx210_Spare_2_to_CP3,4,@GV,34340,4,81,0,0
SMC_4U2,3,@GV,34822,2,73,0,0
WW_PLCmode_Run,10,@GV,28676,4,81,0,0
WW_SD212654_Enabled,10,@GV,28680,4,81,0,0
WW_SD212704_Enabled,10,@GV,28684,4,81,0,0
WW_CP1_Drives_Enabled,10,@GV,28688,4,81,0,0
WW_HP_Locating_Error,10,@GV,28692,4,81,0,0
WW_HP1_X_Alarm,10,@GV,28696,4,81,0,0
WW_HP1_Y_Alarm,10,@GV,28700,4,81,0,0
WW_Load_Lower_Enabled,10,@GV,28704,4,81,0,0
WW_Load_Upper_Enabled,10,@GV,28708,4,81,0,0
WW_Loader_Left_Horiz_Alarm,10,@GV,28712,4,81,0,0
WW_Loader_Left_Vert_Alarm,10,@GV,28716,4,81,0,0
WW_Loader_Right_Horiz_Alarm,10,@GV,28720,4,81,0,0
WW_Loader_Right_Vert_Alarm,10,@GV,28724,4,81,0,0
WW_Loader_Rolls_Engaged,10,@GV,28728,4,81,0,0
WW_Loader_Unwind_Ctr,10,@GV,28732,4,81,0,0
NewVar8,10,@GV,28736,4,81,0,0
WW_Lower_Roll_LOW_Warn,10,@GV,28740,4,81,0,0
WW_Lwr_Unwind_Alarm,10,@GV,28744,4,81,0,0
WW_Reset_Alarm,10,@GV,28748,4,81,0,0
WW_TS_Locating_Error,10,@GV,28752,4,81,0,0
WW_Use_TS_Two,10,@GV,28756,4,81,0,0
WW_Unload_Lower_Enabled,10,@GV,28760,4,81,0,0
WW_Unload_Upper_Enabled,10,@GV,28764,4,81,0,0
NewVar7,10,@GV,28768,4,81,0,0
WW_Upper_Roll_LOW_Warn,10,@GV,28772,4,81,0,0
WW_Upr_Unwind_Alarm,10,@GV,28776,4,81,0,0
WW_VP_Locating_Error,10,@GV,28780,4,81,0,0
WW_VP1_O_Alarm,10,@GV,28784,4,81,0,0
WW_VP1_X_Alarm,10,@GV,28788,4,81,0,0
WW_VP1_Y_Alarm,10,@GV,28792,4,81,0,0
WW_Cycle_Ready_Output,10,@GV,28672,4,81,0,0
WW_Alarm_W2,4,@GV,28800,4,81,0,0
WW_HP1_X_Bump_Value,10,@GV,28804,4,81,0,0
WW_HP1_Y_Bump_Value,10,@GV,28808,4,81,0,0
WW_TS1_X_Bump_Value,10,@GV,28812,4,81,0,0
WW_TS1_Y_Bump_Value,10,@GV,28816,4,81,0,0
WW_VP1_O_Bump_Value,10,@GV,28820,4,81,0,0
WW_VP1_X_Bump_Value,10,@GV,28824,4,81,0,0
WW_VP1_Y_Bump_Value,10,@GV,28828,4,81,0,0
WW_PLC_Sys_Tick_CNT,4,@GV,28832,4,81,0,0
WW_CP2110Status,4,@GV,28836,4,81,0,0
WW_Lower_IMP_From_Inches,4,@GV,28840,4,81,0,0
WW_Lower_Length,10,@GV,28844,4,81,0,0
WW_Lower_Remaining_Imp,4,@GV,28848,4,81,0,0
WW_Safety_Word0,4,@GV,28852,4,81,0,0
WW_Upper_IMP_From_Inches,4,@GV,28856,4,81,0,0
WW_Upper_Length,10,@GV,28860,4,81,0,0
WW_Upper_Remaining_Imp,4,@GV,28864,4,81,0,0
WW_Alarm_W1,4,@GV,28796,4,81,0,0
WW_Stop_PB,10,@GV,28868,4,81,0,0
WW_Loader_Pickup_Pos_PB_Clr,10,@GV,28872,4,81,0,0
WW_Loader_Clear_Pos_PB_Clr,10,@GV,28876,4,81,0,0
WW_Loader_Below_Upper_PB_Clr,10,@GV,28880,4,81,0,0
WW_Loader_Below_Lower_PB_Clr,10,@GV,28884,4,81,0,0
WW_Loader_Below_Center_PB_Clr,10,@GV,28888,4,81,0,0
WW_Loader_Above_Upper_PB_Clr,10,@GV,28892,4,81,0,0
WW_Loader_Above_Lower_PB_Clr,10,@GV,28896,4,81,0,0
WW_Loader_Above_Center_PB_Clr,10,@GV,28900,4,81,0,0
WW_Load_Upper_PB_Clear,10,@GV,28904,4,81,0,0
WW_Load_Lower_PB_Clear,10,@GV,28908,4,81,0,0
WW_Drives_Enable_Clear,10,@GV,28912,4,81,0,0
WW_Hole_1_Req_By_Yask,10,@GV,28916,4,81,0,0
WW_Hole_2_Req_By_Yask,10,@GV,28920,4,81,0,0
WW_Loader_Mode_Req_by_Yask,10,@GV,28924,4,81,0,0
WW_Loader_SetHome_PB_Clear,10,@GV,28928,4,81,0,0
WW_Loader_Stop_PB_Clear,10,@GV,28932,4,81,0,0
WW_Mode_Auto_Clear,10,@GV,28936,4,81,0,0
WW_Reset_Drive_PB_Clear,10,@GV,28940,4,81,0,0
WW_Start_PB_Clear,10,@GV,28944,4,81,0,0
WW_Unload_Lower_PB_Clear,10,@GV,28948,4,81,0,0
WW_Unload_Upper_PB_Clear,10,@GV,28952,4,81,0,0
WW_HP1_X_SP_Out,10,@GV,28956,4,81,0,0
WW_HP1_Y_SP_Out,10,@GV,28964,4,81,0,0
WW_TS1_X_SP_Out,10,@GV,28968,4,81,0,0
WW_TS1_Y_SP_Out,10,@GV,28972,4,81,0,0
WW_VP1_O_SP_Out,10,@GV,28976,4,81,0,0
WW_VP1_X_SP_Out,10,@GV,28980,4,81,0,0
WW_VP1_Y_SP_Out,10,@GV,28984,4,81,0,0
WW_Recipe_Change_Clear,10,@GV,28960,4,81,0,0
WW_HP2_X_Bump_Value,10,@GV,28988,4,81,0,0
WW_HP2_Y_Bump_Value,10,@GV,28992,4,81,0,0
WW_TS2_X_Bump_Value,10,@GV,28996,4,81,0,0
WW_TS2_Y_Bump_Value,10,@GV,29000,4,81,0,0
WW_VP2_O_Bump_Value,10,@GV,29004,4,81,0,0
WW_VP2_X_Bump_Value,10,@GV,29008,4,81,0,0
WW_VP2_Y_Bump_Value,10,@GV,29012,4,81,0,0
WW_Unwind_Estop_active,10,@GV,29016,4,81,0,0
WW_Seal_Estop_active,10,@GV,29020,4,81,0,0
WW_Cut_Estop_active,10,@GV,29024,4,81,0,0
WW_P_P_Estop_active,10,@GV,29028,4,81,0,0
WW_Seal_Gate_active,10,@GV,29032,4,81,0,0
WW_Cut_Gate_active,10,@GV,29036,4,81,0,0
WW_Light_Curtain_Active,10,@GV,29040,4,81,0,0
WW_Banner_Enet_Status,10,@GV,29044,4,81,0,0
WW_TS1_Locating_Error,10,@GV,29048,4,81,0,0
WW_HP1_Locating_Error,10,@GV,29052,4,81,0,0
WW_VP1_Locating_Error,10,@GV,29056,4,81,0,0
WW_TS2_Locating_Error,10,@GV,29060,4,81,0,0
WW_HP2_Locating_Error,10,@GV,29064,4,81,0,0
WW_VP2_Locating_Error,10,@GV,29068,4,81,0,0
WW_Upper_Roll_Diameter,10,@GV,29072,4,81,0,0
WW_Lower_Roll_Diameter,10,@GV,29076,4,81,0,0
WW_Zone1_Temp,10,@GV,29080,4,81,0,0
WW_Zone2_Temp,10,@GV,29084,4,81,0,0
WW_Zone3_Temp,10,@GV,29088,4,81,0,0
WW_Zone4_Temp,10,@GV,29092,4,81,0,0
WW_Zone5_Temp,10,@GV,29096,4,81,0,0
gCP1_Status_Bits_mb,4,@GV,29100,4,81,0,0
WW_Alarm_Word_1,4,@GV,29104,4,81,0,0
WW_Alarm_Word_2,4,@GV,29108,4,81,0,0
Adj_Test1,10,@GV,29112,4,81,0,0
Adj_Position_Right,10,@GV,29116,4,81,0,0
Adj_Position_Left,10,@GV,29120,4,81,0,0
Adj_SynchronizedREAL,10,@GV,29124,4,81,0,0
ADJ_EndTravel_OK,10,@GV,29128,4,81,0,0
Adj_Prot_Disabled,10,@GV,29140,4,81,0,0
Adj_Offset_Too_Large,10,@GV,29144,4,81,0,0
gAdj_Offset_Out,10,@GV,29148,4,81,0,0
VP2_X_SP_mb,10,@GV,29160,4,81,0,0
VP2_Y_SP_mb,10,@GV,29164,4,81,0,0
TS2_X_SP_mb,10,@GV,29168,4,81,0,0
TS2_Y_SP_mb,10,@GV,29172,4,81,0,0
HP2_X_SP_mb,10,@GV,29176,4,81,0,0
HP2_Y_SP_mb,10,@GV,29180,4,81,0,0
LowRollAlarm_mb,10,@GV,29184,4,81,0,0
VS_Enables_X0,10,@GV,29188,4,81,0,0
VS_Enables_X1,10,@GV,29192,4,81,0,0
WW_Two_Valves_Req,10,@GV,28700,4,73,0,0
WW_Die_Change_PB,10,@GV,28704,4,73,0,0
WW_Drives_Enable_PB,10,@GV,28708,4,73,0,0
WW_Hole_1_Req,10,@GV,28712,4,73,0,0
WW_Hole_2_Req,10,@GV,28716,4,73,0,0
WW_Hole_3_Req,10,@GV,28720,4,73,0,0
WW_Hole_4_Req,10,@GV,28724,4,73,0,0
WW_HP1_Hole_Punch_PB,10,@GV,28728,4,73,0,0
WW_HP1_X_Dec_PB,10,@GV,28732,4,73,0,0
WW_HP1_X_Inc_PB,10,@GV,28736,4,73,0,0
WW_HP1_Y_Dec_PB,10,@GV,28740,4,73,0,0
WW_HP1_Y_Inc_PB,10,@GV,28744,4,73,0,0
WW_HP2_Hole_Punch_PB,10,@GV,28748,4,73,0,0
WW_Load_Lower_PB,10,@GV,28752,4,73,0,0
WW_Load_Upper_PB,10,@GV,28756,4,73,0,0
WW_Loader_Above_Center_PB,10,@GV,28760,4,73,0,0
WW_Loader_Above_Lower_PB,10,@GV,28764,4,73,0,0
WW_Loader_Above_Upper_PB,10,@GV,28768,4,73,0,0
WW_Loader_Below_Center_PB,10,@GV,28772,4,73,0,0
WW_Loader_Below_Lower_PB,10,@GV,28776,4,73,0,0
WW_Loader_Below_Upper_PB,10,@GV,28780,4,73,0,0
WW_Loader_Clear_Pos_PB,10,@GV,28784,4,73,0,0
WW_Loader_Pickup_Pos_PB,10,@GV,28788,4,73,0,0
WW_Loader_SetHome_PB,10,@GV,28792,4,73,0,0
WW_Loader_Stop_PB,10,@GV,28796,4,73,0,0
WW_Mode_Auto,10,@GV,28800,4,73,0,0
WW_Mode_Loader,10,@GV,28804,4,73,0,0
WW_Reset_Drives_PB,10,@GV,28808,4,73,0,0
WW_SET_HP_1_X_0,10,@GV,28672,4,73,0,0
WW_SET_HP_1_Y_0,10,@GV,28676,4,73,0,0
WW_SET_TS_1_X_0,10,@GV,28680,4,73,0,0
WW_SET_TS_1_Y_0,10,@GV,28684,4,73,0,0
WW_SET_VP_1_THETA_0,10,@GV,28688,4,73,0,0
WW_SET_VP_1_X_0,10,@GV,28692,4,73,0,0
WW_SET_VP_1_Y_0,10,@GV,28696,4,73,0,0
WW_Roll_LOW_Alarm_Ack,10,@GV,28812,4,73,0,0
WW_Start_PB,10,@GV,28816,4,73,0,0
WW_Hole_4UP_2_Req,10,@GV,28820,4,73,0,0
WW_Thread_PB,10,@GV,28824,4,73,0,0
WW_TS1_Calculate_PB,10,@GV,28828,4,73,0,0
WW_TS1_X_Dec_PB,10,@GV,28832,4,73,0,0
WW_TS1_X_Inc_PB,10,@GV,28836,4,73,0,0
WW_TS1_Y_Dec_PB,10,@GV,28840,4,73,0,0
WW_TS1_Y_Inc_PB,10,@GV,28844,4,73,0,0
WW_Unload_Lower_PB,10,@GV,28848,4,73,0,0
WW_Unload_Upper_PB,10,@GV,28852,4,73,0,0
WW_Unlock_Panel_Doors_PB,10,@GV,28856,4,73,0,0
WW_VP1_O_Dec_PB,10,@GV,28864,4,73,0,0
WW_VP1_O_Inc_PB,10,@GV,28868,4,73,0,0
WW_VP1_X_Dec_PB,10,@GV,28872,4,73,0,0
WW_VP1_X_Inc_PB,10,@GV,28876,4,73,0,0
WW_VP1_Y_Dec_PB,10,@GV,28880,4,73,0,0
WW_VP1_Y_Inc_PB,10,@GV,28884,4,73,0,0
WW_Web_Jog_Fwd_PB,10,@GV,28892,4,73,0,0
WW_HP1_X_Bump_Value_SP,10,@GV,28900,4,73,0,0
WW_HP1_Y_Bump_Value_SP,10,@GV,28904,4,73,0,0
WW_Lower_IMP_On_Roll,4,@GV,28908,4,73,0,0
WW_TS1_X_Bump_Value_SP,10,@GV,28912,4,73,0,0
WW_TS1_Y_Bump_Value_SP,10,@GV,28916,4,73,0,0
WW_Upper_IMP_On_Roll,4,@GV,28920,4,73,0,0
WW_VP1_O_Bump_Value_SP,10,@GV,28924,4,73,0,0
WW_VP1_X_Bump_Value_SP,10,@GV,28928,4,73,0,0
WW_Web_Jog_Rev_PB,10,@GV,28896,4,73,0,0
WW_SD212304_SetPos,10,@GV,28936,4,73,0,0
WW_SD212354_SetPos,10,@GV,28940,4,73,0,0
WW_SD212404_SetPos,10,@GV,28944,4,73,0,0
WW_SD212454_SetPos,10,@GV,28948,4,73,0,0
WW_SD212504_SetPos,10,@GV,28952,4,73,0,0
WW_SD212554_SetPos,10,@GV,28956,4,73,0,0
WW_SD212604_SetPos,10,@GV,28960,4,73,0,0
WW_COS_to_VP_Datum,10,@GV,28964,4,73,0,0
WW_FeedSpd_SP,10,@GV,28968,4,73,0,0
WW_Hole_3_X_Offset,10,@GV,28972,4,73,0,0
WW_Hole_3_Y_Offset,10,@GV,28976,4,73,0,0
WW_Hole_4_X_Offset,10,@GV,28980,4,73,0,0
WW_Hole_4_Y_Offset,10,@GV,28984,4,73,0,0
WW_HP1_X_MAX,10,@GV,28988,4,73,0,0
WW_HP1_X_MIN,10,@GV,28992,4,73,0,0
WW_VP1_Roll_Change_PB,10,@GV,28996,4,73,0,0
WW_HP1_Y_MAX,10,@GV,29000,4,73,0,0
WW_HP1_Y_MIN,10,@GV,29004,4,73,0,0
WW_HP1_X_Pos_Override_SP,10,@GV,29008,4,73,0,0
WW_Loader_Above_Center_SP,10,@GV,29012,4,73,0,0
WW_Loader_Above_Lower_SP,10,@GV,29016,4,73,0,0
WW_Loader_Above_Upper_SP,10,@GV,29020,4,73,0,0
WW_Loader_Below_Center_SP,10,@GV,29024,4,73,0,0
WW_Loader_Below_Lower_SP,10,@GV,29028,4,73,0,0
WW_Loader_Below_Upper_SP,10,@GV,29032,4,73,0,0
WW_Loader_HPos1_SP,10,@GV,29036,4,73,0,0
WW_Loader_HPos2_SP,10,@GV,29040,4,73,0,0
WW_Low_Roll_Alarm_SP,4,@GV,29044,4,73,0,0
WW_Low_Roll_Warn_SP,4,@GV,29048,4,73,0,0
WW_Reg_Eye_X_Location,4,@GV,29052,4,73,0,0
WW_Reg_Eye_X_Offset_10,10,@GV,29056,4,73,0,0
WW_Reg_Eye_X_Offset_11,10,@GV,29060,4,73,0,0
WW_Reg_Eye_X_Offset_12,10,@GV,29064,4,73,0,0
WW_Reg_Eye_X_Offset_13,10,@GV,29068,4,73,0,0
WW_Reg_Eye_X_Offset_14,10,@GV,29072,4,73,0,0
WW_Reg_Eye_X_Offset_2,10,@GV,29076,4,73,0,0
WW_Reg_Eye_X_Offset_3,10,@GV,29080,4,73,0,0
WW_Reg_Eye_X_Offset_4,10,@GV,29084,4,73,0,0
WW_Reg_Eye_X_Offset_5,10,@GV,29088,4,73,0,0
WW_Reg_Eye_X_Offset_6,10,@GV,29092,4,73,0,0
WW_Reg_Eye_X_Offset_7,10,@GV,29096,4,73,0,0
WW_Reg_Eye_X_Offset_8,10,@GV,29100,4,73,0,0
WW_Reg_Eye_X_Offset_9,10,@GV,29104,4,73,0,0
WW_Repeat_SP,10,@GV,29108,4,73,0,0
WW_Roller_X_Location,4,@GV,29112,4,73,0,0
WW_Roller_X_Offset_10,10,@GV,29116,4,73,0,0
WW_Roller_X_Offset_11,10,@GV,29120,4,73,0,0
WW_Roller_X_Offset_12,10,@GV,29124,4,73,0,0
WW_Roller_X_Offset_13,10,@GV,29128,4,73,0,0
WW_Roller_X_Offset_14,10,@GV,29132,4,73,0,0
WW_Roller_X_Offset_2,10,@GV,29136,4,73,0,0
WW_Roller_X_Offset_3,10,@GV,29140,4,73,0,0
WW_Roller_X_Offset_4,10,@GV,29144,4,73,0,0
WW_Roller_X_Offset_5,10,@GV,29148,4,73,0,0
WW_Roller_X_Offset_6,10,@GV,29152,4,73,0,0
WW_Roller_X_Offset_7,10,@GV,29156,4,73,0,0
WW_Roller_X_Offset_8,10,@GV,29160,4,73,0,0
WW_Roller_X_Offset_9,10,@GV,29164,4,73,0,0
WW_TS1_X_MAX,10,@GV,29168,4,73,0,0
WW_TS1_X_MIN,10,@GV,29172,4,73,0,0
WW_HP1_Y_Pos_Override_SP,10,@GV,29176,4,73,0,0
WW_TS1_Y_MAX,10,@GV,29180,4,73,0,0
WW_TS1_Y_MIN,10,@GV,29184,4,73,0,0
WW_HP2_X_MAX,10,@GV,29188,4,73,0,0
WW_TS2_X_MAX,10,@GV,29192,4,73,0,0
WW_TS2_X_MIN,10,@GV,29196,4,73,0,0
WW_TS2_Y_MAX,10,@GV,29200,4,73,0,0
WW_TS2_Y_MIN,10,@GV,29204,4,73,0,0
WW_Unwind_JogSpd_SP,10,@GV,29208,4,73,0,0
WW_Valve_1_HP_X_Offset,10,@GV,29212,4,73,0,0
WW_Valve_1_HP_Y_Offset,10,@GV,29216,4,73,0,0
WW_Valve_1_TS_X_Offset,10,@GV,29220,4,73,0,0
WW_Valve_1_TS_Y_Offset,10,@GV,29224,4,73,0,0
WW_Valve_1_VP_O_Offset,10,@GV,29228,4,73,0,0
WW_Valve_1_VP_X_Offset,10,@GV,29232,4,73,0,0
WW_Valve_1_VP_Y_Offset,10,@GV,29236,4,73,0,0
WW_Valve_2_HP_X_Offset,10,@GV,29240,4,73,0,0
WW_Valve_2_HP_Y_Offset,10,@GV,29244,4,73,0,0
WW_Valve_2_TS_X_Offset,10,@GV,29248,4,73,0,0
WW_Valve_2_TS_Y_Offset,10,@GV,29252,4,73,0,0
WW_Valve_2_VP_O_Offset,10,@GV,29256,4,73,0,0
WW_Valve_2_VP_X_Offset,10,@GV,29260,4,73,0,0
WW_Valve_2_VP_Y_Offset,10,@GV,29264,4,73,0,0
WW_VP_HP_Differential,10,@GV,29268,4,73,0,0
WW_VP1_O_MAX,10,@GV,29272,4,73,0,0
WW_VP1_O_MIN,10,@GV,29276,4,73,0,0
WW_HP2_X_MIN,10,@GV,29280,4,73,0,0
WW_VP1_X_MAX,10,@GV,29284,4,73,0,0
WW_VP1_X_MIN,10,@GV,29288,4,73,0,0
WW_HP2_Y_MAX,10,@GV,29292,4,73,0,0
WW_VP1_Y_MAX,10,@GV,29296,4,73,0,0
WW_VP1_Y_MIN,10,@GV,29300,4,73,0,0
WW_HP2_Y_MIN,10,@GV,29304,4,73,0,0
WW_VP2_O_MAX,10,@GV,29308,4,73,0,0
WW_VP2_O_MIN,10,@GV,29312,4,73,0,0
WW_VP2_X_MAX,10,@GV,29316,4,73,0,0
WW_VP2_X_MIN,10,@GV,29320,4,73,0,0
WW_VP2_Y_MAX,10,@GV,29324,4,73,0,0
WW_VP2_Y_MIN,10,@GV,29328,4,73,0,0
WW_Web_JogSpd_SP,10,@GV,29332,4,73,0,0
WW_VP1_Y_Bump_Value_SP,10,@GV,28932,4,73,0,0
WW_VP2_Roll_Change_PB,10,@GV,29336,4,73,0,0
WW_VP2_X_Dec_PB,10,@GV,29340,4,73,0,0
WW_VP2_X_Inc_PB,10,@GV,29344,4,73,0,0
WW_VP2_Y_Dec_PB,10,@GV,29348,4,73,0,0
WW_VP2_Y_Inc_PB,10,@GV,29352,4,73,0,0
WW_VP2_O_Dec_PB,10,@GV,29356,4,73,0,0
WW_VP2_O_Inc_PB,10,@GV,29360,4,73,0,0
WW_TS2_X_Dec_PB,10,@GV,29364,4,73,0,0
WW_TS2_X_Inc_PB,10,@GV,29368,4,73,0,0
WW_TS2_Y_Dec_PB,10,@GV,29372,4,73,0,0
WW_TS2_Y_Inc_PB,10,@GV,29376,4,73,0,0
WW_HP2_X_Dec_PB,10,@GV,29380,4,73,0,0
WW_HP2_X_Inc_PB,10,@GV,29384,4,73,0,0
WW_HP2_Y_Dec_PB,10,@GV,29388,4,73,0,0
WW_HP2_Y_Inc_PB,10,@GV,29392,4,73,0,0
WW_TS2_X_Bump_Value_SP,10,@GV,29396,4,73,0,0
WW_TS2_Y_Bump_Value_SP,10,@GV,29400,4,73,0,0
WW_VP2_O_Bump_Value_SP,10,@GV,29404,4,73,0,0
WW_VP2_X_Bump_Value_SP,10,@GV,29408,4,73,0,0
WW_VP2_Y_Bump_Value_SP,10,@GV,29412,4,73,0,0
WW_HP2_X_Bump_Value_SP,10,@GV,29416,4,73,0,0
WW_HP2_Y_Bump_Value_SP,10,@GV,29420,4,73,0,0
WW_VP1_X_Man_SP,10,@GV,29424,4,73,0,0
WW_VP1_Y_Man_SP,10,@GV,29428,4,73,0,0
WW_VP1_O_Man_SP,10,@GV,29432,4,73,0,0
WW_TS1_X_Man_SP,10,@GV,29436,4,73,0,0
WW_TS1_Y_Man_SP,10,@GV,29440,4,73,0,0
WW_HP1_X_Man_SP,10,@GV,29444,4,73,0,0
WW_HP1_Y_Man_SP,10,@GV,29448,4,73,0,0
WW_VP2_X_Man_SP,10,@GV,29452,4,73,0,0
WW_VP2_Y_Man_SP,10,@GV,29456,4,73,0,0
WW_VP2_O_Man_SP,10,@GV,29460,4,73,0,0
WW_TS2_X_Man_SP,10,@GV,29464,4,73,0,0
WW_TS2_Y_Man_SP,10,@GV,29468,4,73,0,0
WW_HP2_X_Man_SP,10,@GV,29472,4,73,0,0
WW_HP2_Y_Man_SP,10,@GV,29476,4,73,0,0
WW_VP1_Man_Enable,10,@GV,29480,4,73,0,0
WW_VP2_Man_Enable,10,@GV,29484,4,73,0,0
WW_Revert_VS_Auto,10,@GV,29488,4,73,0,0
WW_Low_Roll_Dia_SP,10,@GV,29492,4,73,0,0
WW_Low_Roll_Speed_SP,10,@GV,29496,4,73,0,0
WW_Upper_Act_Dia,10,@GV,29500,4,73,0,0
WW_Lower_Act_Dia,10,@GV,29504,4,73,0,0
WW_Upper_Act_Dia_Set,10,@GV,29508,4,73,0,0
WW_Lower_Act_Dia_Set,10,@GV,29512,4,73,0,0
WW_Perf_Seal_Enable,10,@GV,29516,4,73,0,0
WW_Wicket_Enable,10,@GV,29520,4,73,0,0
WW_Wicket_Dwell,4,@GV,29524,4,73,0,0
WW_Perf_Seal_Dwell,4,@GV,29528,4,73,0,0
WW_Man_Wicket_Cut,10,@GV,29532,4,73,0,0
WW_Man_Perf_Seal,10,@GV,29536,4,73,0,0
WW_Perf_Seal_Dwell_2,4,@GV,29540,4,73,0,0
WW_Perf_Seal_Dwell_3,4,@GV,29544,4,73,0,0
WW_Perf_Seal_Dwell_4,4,@GV,29548,4,73,0,0
WW_Perf_Seal_Dwell_5,4,@GV,29552,4,73,0,0
WW_Perf_Seal_Dwell_6,4,@GV,29556,4,73,0,0
WW_Mod_1_Loop_1_SP,4,@GV,29560,4,73,0,0
WW_Mod_1_Loop_2_SP,4,@GV,29564,4,73,0,0
WW_Mod_2_Loop_1_SP,4,@GV,29568,4,73,0,0
WW_Mod_2_Loop_2_SP,4,@GV,29572,4,73,0,0
WW_Mod_3_Loop_1_SP,4,@GV,29576,4,73,0,0
gCP2_status_Bits_mb,4,@GV,29580,4,73,0,0
WW_Low_Roll_Alarm_Dia_SP,10,@GV,29584,4,73,0,0
gAdj_R_Top,10,@GV,29600,4,73,0,0
gAdj_R_Bott,10,@GV,29608,4,73,0,0
gAdj_L_Top,10,@GV,29612,4,73,0,0
gAdj_L_Bott,10,@GV,29620,4,73,0,0
gAdj_Target_Position,10,@GV,29624,4,73,0,0
gAdj_SynchronizeREAL,10,@GV,29628,4,73,0,0
gAdj_Execute_Abs_MoveREAL,10,@GV,29632,4,73,0,0
Adj_Disable_protection,10,@GV,29636,4,73,0,0
Adj_Jog_Fwd_Pendant,10,@GV,29640,4,73,0,0
Adj_Jog_Rev_Pendant,10,@GV,29644,4,73,0,0
Adj_Offset_Entered,10,@GV,29648,4,73,0,0
Adj_UnsynchronizeREAL,10,@GV,29652,4,73,0,0
Adj_ExecuteOffsetREAL,10,@GV,29656,4,73,0,0
gAdj_test,4,@GV,29672,4,73,0,0
gDancerPositionTop,10,@GV,29676,4,73,0,0
gDancerPositionBottom,10,@GV,29680,4,73,0,0
gCutNipPosition_mb,10,@GV,29684,4,73,0,0
gFilmInMotion_mb,10,@GV,29688,4,73,0,0
gFilm_Index_Stop_mb,10,@GV,29692,4,73,0,0
Red_LED_mb,10,@GV,29696,4,73,0,0
WW_Hole_4UP_2_Reqzzzzzz,10,@GV,29772,4,73,0,0
AXIS1_SI1_POT,1,@GV,53248,1,73,1,0
AXIS1_SI2_NOT,1,@GV,53248,1,73,2,0
AXIS1_SI3_DEC,1,@GV,53248,1,73,3,0
AXIS1_SI4_EXT1,1,@GV,53248,1,73,7,0
AXIS1_SI5_EXT2,1,@GV,53248,1,73,8,0
AXIS1_SI6_EXT3,1,@GV,53249,1,73,1,0
AXIS1_BRK,1,@GV,53249,1,73,2,0
AXIS1_HBB,1,@GV,53249,1,73,3,0
AXIS1_SI0_IO12,1,@GV,53249,1,73,5,0
AXIS1_SI1_IO13,1,@GV,53249,1,73,6,0
AXIS1_SI2_IO14,1,@GV,53249,1,73,7,0
AXIS1_SI3_IO15,1,@GV,53249,1,73,8,0
AXIS1_ALM,1,@GV,53252,1,73,1,0
AXIS1_WARNG,1,@GV,53252,1,73,2,0
AXIS1_SVON,1,@GV,53252,1,73,4,0
AXIS1_PON,1,@GV,53252,1,73,5,0
AXIS1_PSET,1,@GV,53252,1,73,8,0
AXIS1_SO1,1,@GV,53248,1,81,1,0
AXIS1_SO2,1,@GV,53248,1,81,2,0
AXIS1_SO3,1,@GV,53248,1,81,3,0
AXIS2_SI1_POT,1,@GV,53312,1,73,1,0
AXIS2_SI2_NOT,1,@GV,53312,1,73,2,0
AXIS2_SI3_DEC,1,@GV,53312,1,73,3,0
AXIS2_SI4_EXT1,1,@GV,53312,1,73,7,0
AXIS2_SI5_EXT2,1,@GV,53312,1,73,8,0
AXIS2_SI6_EXT3,1,@GV,53313,1,73,1,0
AXIS2_BRK,1,@GV,53313,1,73,2,0
AXIS2_HBB,1,@GV,53313,1,73,3,0
AXIS2_SI0_IO12,1,@GV,53313,1,73,5,0
AXIS2_SI1_IO13,1,@GV,53313,1,73,6,0
AXIS2_SI2_IO14,1,@GV,53313,1,73,7,0
AXIS2_SI3_IO15,1,@GV,53313,1,73,8,0
AXIS2_ALM,1,@GV,53316,1,73,1,0
AXIS2_WARNG,1,@GV,53316,1,73,2,0
AXIS2_SVON,1,@GV,53316,1,73,4,0
AXIS2_PON,1,@GV,53316,1,73,5,0
AXIS2_PSET,1,@GV,53316,1,73,8,0
AXIS2_SO1,1,@GV,53312,1,81,1,0
AXIS2_SO2,1,@GV,53312,1,81,2,0
AXIS2_SO3,1,@GV,53312,1,81,3,0
AX5_SI1_POT,1,@GV,53504,1,73,1,0
AX5_SI2_NOT,1,@GV,53504,1,73,2,0
AX5_SI3_DEC,1,@GV,53504,1,73,3,0
AX5_SI4_EXT1,1,@GV,53504,1,73,7,0
AX5_SI5_EXT2,1,@GV,53504,1,73,8,0
AX5_SI6_EXT3,1,@GV,53505,1,73,1,0
AX5_BRK,1,@GV,53505,1,73,2,0
AX5_HBB,1,@GV,53505,1,73,3,0
AX5_SI0_IO12,1,@GV,53505,1,73,5,0
AX5_SI1_IO13,1,@GV,53505,1,73,6,0
AX5_SI2_IO14,1,@GV,53505,1,73,7,0
AX5_SI3_IO15,1,@GV,53505,1,73,8,0
AX5_ALM,1,@GV,53508,1,73,1,0
AX5_WARNG,1,@GV,53508,1,73,2,0
AX5_SVON,1,@GV,53508,1,73,4,0
AX5_PON,1,@GV,53508,1,73,5,0
AX5_PSET,1,@GV,53508,1,73,8,0
AX5_SO1,1,@GV,53504,1,81,1,0
AX5_SO2,1,@GV,53504,1,81,2,0
AX5_SO3,1,@GV,53504,1,81,3,0
AXIS6_SI1_POT,1,@GV,53568,1,73,1,0
AXIS6_SI2_NOT,1,@GV,53568,1,73,2,0
AXIS6_SI3_DEC,1,@GV,53568,1,73,3,0
AXIS6_SI4_EXT1,1,@GV,53568,1,73,7,0
AXIS6_SI5_EXT2,1,@GV,53568,1,73,8,0
AXIS6_SI6_EXT3,1,@GV,53569,1,73,1,0
AXIS6_BRK,1,@GV,53569,1,73,2,0
AXIS6_HBB,1,@GV,53569,1,73,3,0
AXIS6_SI0_IO12,1,@GV,53569,1,73,5,0
AXIS6_SI1_IO13,1,@GV,53569,1,73,6,0
AXIS6_SI2_IO14,1,@GV,53569,1,73,7,0
AXIS6_SI3_IO15,1,@GV,53569,1,73,8,0
AXIS6_ALM,1,@GV,53572,1,73,1,0
AXIS6_WARNG,1,@GV,53572,1,73,2,0
AXIS6_SVON,1,@GV,53572,1,73,4,0
AXIS6_PON,1,@GV,53572,1,73,5,0
AXIS6_PSET,1,@GV,53572,1,73,8,0
AXIS6_SO1,1,@GV,53568,1,81,1,0
AXIS6_SO2,1,@GV,53568,1,81,2,0
AXIS6_SO3,1,@GV,53568,1,81,3,0
AXIS7_SI1_POT,1,@GV,53632,1,73,1,0
AXIS7_SI2_NOT,1,@GV,53632,1,73,2,0
AXIS7_SI3_DEC,1,@GV,53632,1,73,3,0
AXIS7_SI4_EXT1,1,@GV,53632,1,73,7,0
AXIS7_SI5_EXT2,1,@GV,53632,1,73,8,0
AXIS7_SI6_EXT3,1,@GV,53633,1,73,1,0
AXIS7_BRK,1,@GV,53633,1,73,2,0
AXIS7_HBB,1,@GV,53633,1,73,3,0
AXIS7_SI0_IO12,1,@GV,53633,1,73,5,0
AXIS7_SI1_IO13,1,@GV,53633,1,73,6,0
AXIS7_SI2_IO14,1,@GV,53633,1,73,7,0
AXIS7_SI3_IO15,1,@GV,53633,1,73,8,0
AXIS7_ALM,1,@GV,53636,1,73,1,0
AXIS7_WARNG,1,@GV,53636,1,73,2,0
AXIS7_SVON,1,@GV,53636,1,73,4,0
AXIS7_PON,1,@GV,53636,1,73,5,0
AXIS7_PSET,1,@GV,53636,1,73,8,0
AXIS7_SO1,1,@GV,53632,1,81,1,0
AXIS7_SO2,1,@GV,53632,1,81,2,0
AXIS7_SO3,1,@GV,53632,1,81,3,0
AX8_SI1_POT,1,@GV,53696,1,73,1,0
AX8_SI2_NOT,1,@GV,53696,1,73,2,0
AX8_SI3_DEC,1,@GV,53696,1,73,3,0
AX8_SI4_EXT1,1,@GV,53696,1,73,7,0
AX8_SI5_EXT2,1,@GV,53696,1,73,8,0
AX8_SI6_EXT3,1,@GV,53697,1,73,1,0
AX8_BRK,1,@GV,53697,1,73,2,0
AX8_HBB,1,@GV,53697,1,73,3,0
AX8_SI0_IO12,1,@GV,53697,1,73,5,0
AX8_SI1_IO13,1,@GV,53697,1,73,6,0
AX8_SI2_IO14,1,@GV,53697,1,73,7,0
AX8_SI3_IO15,1,@GV,53697,1,73,8,0
AX8_ALM,1,@GV,53700,1,73,1,0
AX8_WARNG,1,@GV,53700,1,73,2,0
AX8_SVON,1,@GV,53700,1,73,4,0
AX8_PON,1,@GV,53700,1,73,5,0
AX8_PSET,1,@GV,53700,1,73,8,0
AX8_SO1,1,@GV,53696,1,81,1,0
AX8_SO2,1,@GV,53696,1,81,2,0
AX8_SO3,1,@GV,53696,1,81,3,0
AX10_SI1_POT,1,@GV,53824,1,73,1,0
AX10_SI2_NOT,1,@GV,53824,1,73,2,0
AX10_SI3_DEC,1,@GV,53824,1,73,3,0
AX10_SI4_EXT1,1,@GV,53824,1,73,7,0
AX10_SI5_EXT2,1,@GV,53824,1,73,8,0
AX10_SI6_EXT3,1,@GV,53825,1,73,1,0
AX10_BRK,1,@GV,53825,1,73,2,0
AX10_HBB,1,@GV,53825,1,73,3,0
AX10_SI0_IO12,1,@GV,53825,1,73,5,0
AX10_SI1_IO13,1,@GV,53825,1,73,6,0
AX10_SI2_IO14,1,@GV,53825,1,73,7,0
AX10_SI3_IO15,1,@GV,53825,1,73,8,0
AX10_ALM,1,@GV,53828,1,73,1,0
AX10_WARNG,1,@GV,53828,1,73,2,0
AX10_SVON,1,@GV,53828,1,73,4,0
AX10_PON,1,@GV,53828,1,73,5,0
AX10_PSET,1,@GV,53828,1,73,8,0
AX10_SO1,1,@GV,53824,1,81,1,0
AX10_SO2,1,@GV,53824,1,81,2,0
AX10_SO3,1,@GV,53824,1,81,3,0
AX11_SI1_POT,1,@GV,53888,1,73,1,0
AX11_SI2_NOT,1,@GV,53888,1,73,2,0
AX11_SI3_DEC,1,@GV,53888,1,73,3,0
AX11_SI4_EXT1,1,@GV,53888,1,73,7,0
AX11_SI5_EXT2,1,@GV,53888,1,73,8,0
AX11_SI6_EXT3,1,@GV,53889,1,73,1,0
AX11_BRK,1,@GV,53889,1,73,2,0
AX11_HBB,1,@GV,53889,1,73,3,0
AX11_SI0_IO12,1,@GV,53889,1,73,5,0
AX11_SI1_IO13,1,@GV,53889,1,73,6,0
AX11_SI2_IO14,1,@GV,53889,1,73,7,0
AX11_SI3_IO15,1,@GV,53889,1,73,8,0
AX11_ALM,1,@GV,53892,1,73,1,0
AX11_WARNG,1,@GV,53892,1,73,2,0
AX11_SVON,1,@GV,53892,1,73,4,0
AX11_PON,1,@GV,53892,1,73,5,0
AX11_PSET,1,@GV,53892,1,73,8,0
AX11_SO1,1,@GV,53888,1,81,1,0
AX11_SO2,1,@GV,53888,1,81,2,0
AX11_SO3,1,@GV,53888,1,81,3,0
AX12_SI1_POT,1,@GV,53952,1,73,1,0
AX12_SI2_NOT,1,@GV,53952,1,73,2,0
AX12_SI3_DEC,1,@GV,53952,1,73,3,0
AX12_SI4_EXT1,1,@GV,53952,1,73,7,0
AX12_SI5_EXT2,1,@GV,53952,1,73,8,0
AX12_SI6_EXT3,1,@GV,53953,1,73,1,0
AX12_BRK,1,@GV,53953,1,73,2,0
AX12_HBB,1,@GV,53953,1,73,3,0
AX12_SI0_IO12,1,@GV,53953,1,73,5,0
AX12_SI1_IO13,1,@GV,53953,1,73,6,0
AX12_SI2_IO14,1,@GV,53953,1,73,7,0
AX12_SI3_IO15,1,@GV,53953,1,73,8,0
AX12_ALM,1,@GV,53956,1,73,1,0
AX12_WARNG,1,@GV,53956,1,73,2,0
AX12_SVON,1,@GV,53956,1,73,4,0
AX12_PON,1,@GV,53956,1,73,5,0
AX12_PSET,1,@GV,53956,1,73,8,0
AX12_SO1,1,@GV,53952,1,81,1,0
AX12_SO2,1,@GV,53952,1,81,2,0
AX12_SO3,1,@GV,53952,1,81,3,0
AX13_SI1_POT,1,@GV,54016,1,73,1,0
AX13_SI2_NOT,1,@GV,54016,1,73,2,0
AX13_SI3_DEC,1,@GV,54016,1,73,3,0
AX13_SI4_EXT1,1,@GV,54016,1,73,7,0
AX13_SI5_EXT2,1,@GV,54016,1,73,8,0
AX13_SI6_EXT3,1,@GV,54017,1,73,1,0
AX13_BRK,1,@GV,54017,1,73,2,0
AX13_HBB,1,@GV,54017,1,73,3,0
AX13_SI0_IO12,1,@GV,54017,1,73,5,0
AX13_SI1_IO13,1,@GV,54017,1,73,6,0
AX13_SI2_IO14,1,@GV,54017,1,73,7,0
AX13_SI3_IO15,1,@GV,54017,1,73,8,0
AX13_ALM,1,@GV,54020,1,73,1,0
AX13_WARNG,1,@GV,54020,1,73,2,0
AX13_SVON,1,@GV,54020,1,73,4,0
AX13_PON,1,@GV,54020,1,73,5,0
AX13_PSET,1,@GV,54020,1,73,8,0
AX13_SO1,1,@GV,54016,1,81,1,0
AX13_SO2,1,@GV,54016,1,81,2,0
AX13_SO3,1,@GV,54016,1,81,3,0
PX215004,1,@GV,32768,1,73,1,0
PX215008,1,@GV,32768,1,73,2,0
PX215005,1,@GV,32768,1,73,3,0
PX215009,1,@GV,32768,1,73,4,0
PX215012,1,@GV,32768,1,73,5,0
PX215016,1,@GV,32768,1,73,6,0
PX215013,1,@GV,32768,1,73,7,0
PS215017,1,@GV,32768,1,73,8,0
PX215020,1,@GV,32769,1,73,1,0
PX215024,1,@GV,32769,1,73,2,0
PX215021,1,@GV,32769,1,73,3,0
PX215025,1,@GV,32769,1,73,4,0
NewVar22,1,@GV,32769,1,73,5,0
NewVar23,1,@GV,32769,1,73,6,0
NewVar24,1,@GV,32769,1,73,7,0
NewVar3,1,@GV,32769,1,73,8,0
EIPStatus_01,3,@GV,32774,2,73,0,0
RetractUpperEbcoder,1,@GV,32768,1,81,5,0
RetractLowerEncoder,1,@GV,32768,1,81,7,0
HolePunch_1_Vac,1,@GV,32769,1,81,1,0
HolePunch_2_Vac,1,@GV,32769,1,81,3,0
LabelerSignal_1,1,@GV,32769,1,81,5,0
LabelerSignal_2,1,@GV,32769,1,81,6,0
CPX210_Status,4,@GV,33356,4,73,0,0
NewVar1,11,@GV,33280,4,73,0,0
NewVar10,11,@GV,33284,4,73,0,0
NewVar20,11,@GV,33288,4,73,0,0
NewVar19,11,@GV,33292,4,73,0,0
NewVar18,11,@GV,33312,4,73,0,0
NewVar17,11,@GV,33308,4,73,0,0
NewVar16,11,@GV,33304,4,73,0,0
NewVar15,11,@GV,33300,4,73,0,0
NewVar14,11,@GV,33296,4,73,0,0
EIPStatus_02seal,3,@GV,33408,2,73,0,0
testCounter,4,@GV,33280,4,81,0,0
testNumber,4,@GV,33284,4,81,0,0
EIPStatus_03cut,3,@GV,33920,2,73,0,0
CPx110_StatusToCP3,4,@GV,33792,4,81,0,0
TestNumberA,4,@GV,33796,4,81,0,0
,81,0,0
TestNumberA,4,@GV,33796,4,81,0,0
,81,0,0
3012,4,81,0,0
Inst_102_Output255,4,@GV,23016,4,81,0,0
Inst_102_Output256,4,@GV,23020,4,81,0,0
gControlWord_1,4,@GV,22000,4,73,0,0
gControlWord_2,4,@GV,22004,4,73,0,0
gControlWord_3,4,@GV,22008,4,73,0,0
gControlWord_4,4,@GV,22012,4,73,0,0
Inst_112_Input5,4,@GV,22016,4,73,0,0
Inst_112_Input6,4,@GV,22020,4,73,0,0
Inst_112_Input7,4,@GV,22024,4,73,0,0
Inst_112_Input8,4,@GV,22028,4,73,0,0
Inst_112_Input9,4,@GV,22032,4,73,0,0
Inst_112_Input10,4,@GV,22036,4,73,0,0
Inst_112_Input11,4,@GV,22040,4,73,0,0
Inst_112_Input12,4,@GV,22044,4,73,0,0
Inst_112_Input13,4,@GV,22048,4,73,0,0
Inst_112_Input14,4,@GV,22052,4,73,0,0
Inst_112_Input15,4,@GV,22056,4,73,0,0
Inst_112_Input16,4,@GV,22060,4,73,0,0
Inst_112_Input17,4,@GV,22064,4,73,0,0
Inst_112_Input18,4,@GV,22068,4,73,0,0
Inst_112_Input19,4,@GV,22072,4,73,0,0
Inst_112_Input20,4,@GV,22076,4,73,0,0
Inst_112_Input21,4,@GV,22080,4,73,0,0
Inst_112_Input22,4,@GV,22084,4,73,0,0
Inst_112_Input23,4,@GV,22088,4,73,0,0
Inst_112_Input24,4,@GV,22092,4,73,0,0
Inst_112_Input25,4,@GV,22096,4,73,0,0
Inst_112_Input26,4,@GV,22100,4,73,0,0
Inst_112_Input27,4,@GV,22104,4,73,0,0
Inst_112_Input28,4,@GV,22108,4,73,0,0
Inst_112_Input29,4,@GV,22112,4,73,0,0
Inst_112_Input30,4,@GV,22116,4,73,0,0
Inst_112_Input31,4,@GV,22120,4,73,0,0
Inst_112_Input32,4,@GV,22124,4,73,0,0
Inst_112_Input33,4,@GV,22128,4,73,0,0
Inst_112_Input34,4,@GV,22132,4,73,0,0
Inst_112_Input35,4,@GV,22136,4,73,0,0
Inst_112_Input36,4,@GV,22140,4,73,0,0
Inst_112_Input37,4,@GV,22144,4,73,0,0
Inst_112_Input38,4,@GV,22148,4,73,0,0
Inst_112_Input39,4,@GV,22152,4,73,0,0
Inst_112_Input40,4,@GV,22156,4,73,0,0
Inst_112_Input41,4,@GV,22160,4,73,0,0
Inst_112_Input42,4,@GV,22164,4,73,0,0
Inst_112_Input43,4,@GV,22168,4,73,0,0
Inst_112_Input44,4,@GV,22172,4,73,0,0
Inst_112_Input45,4,@GV,22176,4,73,0,0
Inst_112_Input46,4,@GV,22180,4,73,0,0
Inst_112_Input47,4,@GV,22184,4,73,0,0
Inst_112_Input48,4,@GV,22188,4,73,0,0
Inst_112_Input49,4,@GV,22192,4,73,0,0
Inst_112_Input50,4,@GV,22196,4,73,0,0
Inst_112_Input51,4,@GV,22200,4,73,0,0
Inst_112_Input52,4,@GV,22204,4,73,0,0
Inst_112_Input53,4,@GV,22208,4,73,0,0
Inst_112_Input54,4,@GV,22212,4,73,0,0
Inst_112_Input55,4,@GV,22216,4,73,0,0
Inst_112_Input56,4,@GV,22220,4,73,0,0
Inst_112_Input57,4,@GV,22224,4,73,0,0
Inst_112_Input58,4,@GV,22228,4,73,0,0
Inst_112_Input59,4,@GV,22232,4,73,0,0
Inst_112_Input60,4,@GV,22236,4,73,0,0
Inst_112_Input61,4,@GV,22240,4,73,0,0
Inst_112_Input62,4,@GV,22244,4,73,0,0
Inst_112_Input63,4,@GV,22248,4,73,0,0
Inst_112_Input64,4,@GV,22252,4,73,0,0
Inst_112_Input65,4,@GV,22256,4,73,0,0
Inst_112_Input66,4,@GV,22260,4,73,0,0
Inst_112_Input67,4,@GV,22264,4,73,0,0
Inst_112_Input68,4,@GV,22268,4,73,0,0
Inst_112_Input69,4,@GV,22272,4,73,0,0
Inst_112_Input70,4,@GV,22276,4,73,0,0
Inst_112_Input71,4,@GV,22280,4,73,0,0
Inst_112_Input72,4,@GV,22284,4,73,0,0
Inst_112_Input73,4,@GV,22288,4,73,0,0
Inst_112_Input74,4,@GV,22292,4,73,0,0
Inst_112_Input75,4,@GV,22296,4,73,0,0
Inst_112_Input76,4,@GV,22300,4,73,0,0
Inst_112_Input77,4,@GV,22304,4,73,0,0
Inst_112_Input78,4,@GV,22308,4,73,0,0
Inst_112_Input79,4,@GV,22312,4,73,0,0
Inst_112_Input80,4,@GV,22316,4,73,0,0
Inst_112_Input81,4,@GV,22320,4,73,0,0
Inst_112_Input82,4,@GV,22324,4,73,0,0
Inst_112_Input83,4,@GV,22328,4,73,0,0
Inst_112_Input84,4,@GV,22332,4,73,0,0
Inst_112_Input85,4,@GV,22336,4,73,0,0
Inst_112_Input86,4,@GV,22340,4,73,0,0
Inst_112_Input87,4,@GV,22344,4,73,0,0
Inst_112_Input88,4,@GV,22348,4,73,0,0
Inst_112_Input89,4,@GV,22352,4,73,0,0
Inst_112_Input90,4,@GV,22356,4,73,0,0
Inst_112_Input91,4,@GV,22360,4,73,0,0
Inst_112_Input92,4,@GV,22364,4,73,0,0
Inst_112_Input93,4,@GV,22368,4,73,0,0
Inst_112_Input94,4,@GV,22372,4,73,0,0
Inst_112_Input95,4,@GV,22376,4,73,0,0
Inst_112_Input96,4,@GV,22380,4,73,0,0
Inst_112_Input97,4,@GV,22384,4,73,0,0
Inst_112_Input98,4,@GV,22388,4,73,0,0
Inst_112_Input99,4,@GV,22392,4,73,0,0
Inst_112_Input100,4,@GV,22396,4,73,0,0
Inst_112_Input101,4,@GV,22400,4,73,0,0
Inst_112_Input102,4,@GV,22404,4,73,0,0
Inst_112_Input103,4,@GV,22408,4,73,0,0
Inst_112_Input104,4,@GV,22412,4,73,0,0
Inst_112_Input105,4,@GV,22416,4,73,0,0
Inst_112_Input106,4,@GV,22420,4,73,0,0
Inst_112_Input107,4,@GV,22424,4,73,0,0
Inst_112_Input108,4,@GV,22428,4,73,0,0
Inst_112_Input109,4,@GV,22432,4,73,0,0
Inst_112_Input110,4,@GV,22436,4,73,0,0
Inst_112_Input111,4,@GV,22440,4,73,0,0
Inst_112_Input112,4,@GV,22444,4,73,0,0
Inst_112_Input113,4,@GV,22448,4,73,0,0
Inst_112_Input114,4,@GV,22452,4,73,0,0
Inst_112_Input115,4,@GV,22456,4,73,0,0
Inst_112_Input116,4,@GV,22460,4,73,0,0
Inst_112_Input117,4,@GV,22464,4,73,0,0
Inst_112_Input118,4,@GV,22468,4,73,0,0
Inst_112_Input119,4,@GV,22472,4,73,0,0
Inst_112_Input120,4,@GV,22476,4,73,0,0
Inst_112_Input121,4,@GV,22480,4,73,0,0
Inst_112_Input122,4,@GV,22484,4,73,0,0
Inst_112_Input123,4,@GV,22488,4,73,0,0
Inst_112_Input124,4,@GV,22492,4,73,0,0
Inst_112_Input125,4,@GV,22496,4,73,0,0
Inst_112_Input126,4,@GV,22500,4,73,0,0
Inst_112_Input127,4,@GV,22504,4,73,0,0
Inst_112_Input128,4,@GV,22508,4,73,0,0
Inst_112_Input129,4,@GV,22512,4,73,0,0
Inst_112_Input130,4,@GV,22516,4,73,0,0
Inst_112_Input131,4,@GV,22520,4,73,0,0
Inst_112_Input132,4,@GV,22524,4,73,0,0
Inst_112_Input133,4,@GV,22528,4,73,0,0
Inst_112_Input134,4,@GV,22532,4,73,0,0
Inst_112_Input135,4,@GV,22536,4,73,0,0
Inst_112_Input136,4,@GV,22540,4,73,0,0
Inst_112_Input137,4,@GV,22544,4,73,0,0
Inst_112_Input138,4,@GV,22548,4,73,0,0
Inst_112_Input139,4,@GV,22552,4,73,0,0
Inst_112_Input140,4,@GV,22556,4,73,0,0
Inst_112_Input141,4,@GV,22560,4,73,0,0
Inst_112_Input142,4,@GV,22564,4,73,0,0
Inst_112_Input143,4,@GV,22568,4,73,0,0
Inst_112_Input144,4,@GV,22572,4,73,0,0
Inst_112_Input145,4,@GV,22576,4,73,0,0
Inst_112_Input146,4,@GV,22580,4,73,0,0
Inst_112_Input147,4,@GV,22584,4,73,0,0
Inst_112_Input148,4,@GV,22588,4,73,0,0
Inst_112_Input149,4,@GV,22592,4,73,0,0
Inst_112_Input150,4,@GV,22596,4,73,0,0
Inst_112_Input151,4,@GV,22600,4,73,0,0
Inst_112_Input152,4,@GV,22604,4,73,0,0
Inst_112_Input153,4,@GV,22608,4,73,0,0
Inst_112_Input154,4,@GV,22612,4,73,0,0
Inst_112_Input155,4,@GV,22616,4,73,0,0
Inst_112_Input156,4,@GV,22620,4,73,0,0
Inst_112_Input157,4,@GV,22624,4,73,0,0
Inst_112_Input158,4,@GV,22628,4,73,0,0
Inst_112_Input159,4,@GV,22632,4,73,0,0
Inst_112_Input160,4,@GV,22636,4,73,0,0
Inst_112_Input161,4,@GV,22640,4,73,0,0
Inst_112_Input162,4,@GV,22644,4,73,0,0
Inst_112_Input163,4,@GV,22648,4,73,0,0
Inst_112_Input164,4,@GV,22652,4,73,0,0
Inst_112_Input165,4,@GV,22656,4,73,0,0
Inst_112_Input166,4,@GV,22660,4,73,0,0
Inst_112_Input167,4,@GV,22664,4,73,0,0
Inst_112_Input168,4,@GV,22668,4,73,0,0
Inst_112_Input169,4,@GV,22672,4,73,0,0
Inst_112_Input170,4,@GV,22676,4,73,0,0
Inst_112_Input171,4,@GV,22680,4,73,0,0
Inst_112_Input172,4,@GV,22684,4,73,0,0
Inst_112_Input173,4,@GV,22688,4,73,0,0
Inst_112_Input174,4,@GV,22692,4,73,0,0
Inst_112_Input175,4,@GV,22696,4,73,0,0
Inst_112_Input176,4,@GV,22700,4,73,0,0
Inst_112_Input177,4,@GV,22704,4,73,0,0
Inst_112_Input178,4,@GV,22708,4,73,0,0
Inst_112_Input179,4,@GV,22712,4,73,0,0
Inst_112_Input180,4,@GV,22716,4,73,0,0
Inst_112_Input181,4,@GV,22720,4,73,0,0
Inst_112_Input182,4,@GV,22724,4,73,0,0
Inst_112_Input183,4,@GV,22728,4,73,0,0
Inst_112_Input184,4,@GV,22732,4,73,0,0
Inst_112_Input185,4,@GV,22736,4,73,0,0
Inst_112_Input186,4,@GV,22740,4,73,0,0
Inst_112_Input187,4,@GV,22744,4,73,0,0
Inst_112_Input188,4,@GV,22748,4,73,0,0
Inst_112_Input189,4,@GV,22752,4,73,0,0
Inst_112_Input190,4,@GV,22756,4,73,0,0
Inst_112_Input191,4,@GV,22760,4,73,0,0
Inst_112_Input192,4,@GV,22764,4,73,0,0
Inst_112_Input193,4,@GV,22768,4,73,0,0
Inst_112_Input194,4,@GV,22772,4,73,0,0
Inst_112_Input195,4,@GV,22776,4,73,0,0
Inst_112_Input196,4,@GV,22780,4,73,0,0
Inst_112_Input197,4,@GV,22784,4,73,0,0
Inst_112_Input198,4,@GV,22788,4,73,0,0
Inst_112_Input199,4,@GV,22792,4,73,0,0
Inst_112_Input200,4,@GV,22796,4,73,0,0
Inst_112_Input201,4,@GV,22800,4,73,0,0
Inst_112_Input202,4,@GV,22804,4,73,0,0
Inst_112_Input203,4,@GV,22808,4,73,0,0
Inst_112_Input204,4,@GV,22812,4,73,0,0
Inst_112_Input205,4,@GV,22816,4,73,0,0
Inst_112_Input206,4,@GV,22820,4,73,0,0
Inst_112_Input207,4,@GV,22824,4,73,0,0
Inst_112_Input208,4,@GV,22828,4,73,0,0
Inst_112_Input209,4,@GV,22832,4,73,0,0
Inst_112_Input210,4,@GV,22836,4,73,0,0
Inst_112_Input211,4,@GV,22840,4,73,0,0
Inst_112_Input212,4,@GV,22844,4,73,0,0
Inst_112_Input213,4,@GV,22848,4,73,0,0
Inst_112_Input214,4,@GV,22852,4,73,0,0
Inst_112_Input215,4,@GV,22856,4,73,0,0
Inst_112_Input216,4,@GV,22860,4,73,0,0
Inst_112_Input217,4,@GV,22864,4,73,0,0
Inst_112_Input218,4,@GV,22868,4,73,0,0
Inst_112_Input219,4,@GV,22872,4,73,0,0
Inst_112_Input220,4,@GV,22876,4,73,0,0
Inst_112_Input221,4,@GV,22880,4,73,0,0
Inst_112_Input222,4,@GV,22884,4,73,0,0
Inst_112_Input223,4,@GV,22888,4,73,0,0
Inst_112_Input224,4,@GV,22892,4,73,0,0
Inst_112_Input225,4,@GV,22896,4,73,0,0
Inst_112_Input226,4,@GV,22900,4,73,0,0
Inst_112_Input227,4,@GV,22904,4,73,0,0
Inst_112_Input228,4,@GV,22908,4,73,0,0
Inst_112_Input229,4,@GV,22912,4,73,0,0
Inst_112_Input230,4,@GV,22916,4,73,0,0
Inst_112_Input231,4,@GV,22920,4,73,0,0
Inst_112_Input232,4,@GV,22924,4,73,0,0
Inst_112_Input233,4,@GV,22928,4,73,0,0
Inst_112_Input234,4,@GV,22932,4,73,0,0
Inst_112_Input235,4,@GV,22936,4,73,0,0
Inst_112_Input236,4,@GV,22940,4,73,0,0
Inst_112_Input237,4,@GV,22944,4,73,0,0
Inst_112_Input238,4,@GV,22948,4,73,0,0
Inst_112_Input239,4,@GV,22952,4,73,0,0
Inst_112_Input240,4,@GV,22956,4,73,0,0
Inst_112_Input241,4,@GV,22960,4,73,0,0
Inst_112_Input242,4,@GV,22964,4,73,0,0
Inst_112_Input243,4,@GV,22968,4,73,0,0
Inst_112_Input244,4,@GV,22972,4,73,0,0
Inst_112_Input245,4,@GV,22976,4,73,0,0
Inst_112_Input246,4,@GV,22980,4,73,0,0
Inst_112_Input247,4,@GV,22984,4,73,0,0
Inst_112_Input248,4,@GV,22988,4,73,0,0
Inst_112_Input249,4,@GV,22992,4,73,0,0
Inst_112_Input250,4,@GV,22996,4,73,0,0
Inst_112_Input251,4,@GV,23000,4,73,0,0
Inst_112_Input252,4,@GV,23004,4,73,0,0
Inst_112_Input253,4,@GV,23008,4,73,0,0
Inst_112_Input254,4,@GV,23012,4,73,0,0
Inst_112_Input255,4,@GV,23016,4,73,0,0
Inst_112_Input256,4,@GV,23020,4,73,0,0
